date,CSCO,BA,GILD,EQIX,V,CHTR,BBY,WBA,C,T,CF,FCX,BAC,PSX,PPG,ADBE,PEP,LLY,COST,LOW,MDLZ,XEL,TJX,MPC,D,MRK,UNP,ABBV,ORCL,ECL,ETR,SBUX,AMT,PG,CAT,MCD,AMZN,INTC,KMI,WELL,TMO,CCI,MMM,ES,KO,NEE,UPS,MSFT,SHW,MLM,SPG,RTX,PNC,NVDA,EXC,HD,VLO,FDX,AXP,SO,XOM,CVX,CMCSA,NKE,VTR,PLD,IBM,LIN,EOG,KMB,NEM,WFC,GS,AVB,DIS,GE,NFLX,CVS,JPM,COP,DHR,GOOGL,META,SRE,YUM,PFE,AVGO,DUK,CL,VZ,AMGN,LYB,GIS,MS,OKE,BK,UNH,GPC,HON,O,SLB,AAPL,APD,TMUS,WMT,LMT,BMY,PSA,TRV,AEP,DOW,JNJ,CRM,BWA,BLK
2019-06-28,45.58,357.59,53.67,452.68,166.43,395.18,56.27,40.87,56.13,17.3,40.33,10.86,25.0,73.15,104.42,294.65,109.82,102.26,241.41,90.42,47.13,50.0,48.81,45.88,59.53,67.2,148.24,55.94,51.99,185.69,41.21,73.77,176.28,94.48,119.28,180.67,94.68,41.72,14.5,67.5,289.6,101.96,116.18,61.44,42.67,44.32,83.0,126.77,144.9,220.39,115.18,55.93,110.08,4.08,27.38,179.74,66.37,148.37,113.79,43.67,57.59,95.42,36.34,77.96,53.99,68.84,100.62,183.87,71.68,108.49,32.27,40.17,177.14,167.04,136.27,50.98,367.32,45.04,94.17,49.17,123.34,53.88,192.1,56.66,99.11,31.38,24.44,69.27,62.3,41.01,153.39,59.42,42.96,36.23,46.07,36.91,223.88,87.29,154.3,50.31,33.85,47.54,197.67,72.26,33.68,309.72,36.56,187.69,131.62,71.06,35.28,117.56,150.63,33.65,403.68
2019-07-31,46.43,335.16,52.05,450.72,170.69,385.38,61.75,40.74,57.03,17.85,42.79,10.39,26.45,80.2,105.03,298.86,107.04,100.56,251.8,91.35,46.77,50.1,50.36,46.3,57.2,66.51,157.74,52.03,51.59,189.72,42.29,83.33,182.47,102.36,116.11,183.33,93.34,44.05,14.49,68.82,273.82,104.24,117.11,61.52,44.1,44.82,96.02,128.95,162.22,237.28,116.93,57.39,115.54,4.19,25.74,184.68,66.1,154.1,115.0,44.4,55.88,94.4,37.28,79.89,53.15,69.28,108.17,175.15,66.27,110.42,30.64,41.09,190.59,171.65,140.42,50.74,322.99,46.59,98.4,47.86,121.25,60.62,193.33,56.23,100.76,28.14,24.62,68.08,62.72,40.1,155.31,57.74,43.84,37.14,46.92,39.48,228.47,81.84,152.41,50.65,34.05,51.17,199.33,77.71,33.64,308.55,36.12,191.31,129.07,70.9,34.65,109.91,153.38,30.3,402.29
2019-08-30,39.23,359.85,50.48,501.6,173.64,409.59,51.36,38.61,51.96,18.48,41.87,8.64,23.72,77.83,99.56,284.51,114.51,104.88,269.86,101.08,48.29,53.97,50.97,40.87,59.77,69.3,142.82,51.34,47.7,194.03,45.57,85.3,198.48,104.26,104.94,190.65,88.81,41.59,14.25,74.9,283.07,113.55,109.39,64.98,46.12,47.66,96.17,130.9,166.91,243.58,108.9,56.28,104.24,4.17,27.22,196.97,59.06,143.33,111.3,46.52,52.11,91.19,38.22,78.67,57.97,71.87,100.04,173.78,57.27,114.86,33.46,39.96,177.63,174.75,134.77,40.06,293.75,50.8,93.19,42.27,122.62,59.24,184.81,58.8,104.96,26.0,23.99,73.58,64.83,42.2,174.92,53.38,44.41,34.58,48.35,35.39,214.7,76.09,146.22,54.18,27.63,50.33,197.28,76.07,35.0,329.12,39.1,208.63,129.37,74.15,31.0,109.14,154.94,26.29,363.48
2019-09-30,41.41,376.04,50.83,520.1,165.18,412.12,56.08,41.72,55.78,19.83,42.75,8.99,25.31,80.81,106.5,276.25,115.63,103.82,263.77,99.06,48.62,54.89,51.68,50.45,63.13,67.91,142.84,59.13,50.42,186.7,47.39,78.1,191.48,107.86,111.38,187.8,86.8,45.21,14.49,75.81,287.41,109.61,111.2,69.76,45.96,50.69,97.11,132.02,174.24,263.09,113.81,58.99,113.32,4.33,27.82,201.74,66.87,132.07,109.37,49.33,53.73,91.88,38.93,87.44,58.31,73.7,107.34,178.21,57.29,116.48,31.93,43.29,180.52,178.28,127.96,43.45,267.62,52.59,99.83,46.16,124.79,60.76,177.25,61.7,101.95,26.28,23.65,76.05,64.27,43.8,162.25,62.59,45.5,35.56,49.99,38.04,200.32,84.61,150.29,56.46,29.57,54.0,194.74,76.77,36.35,334.22,41.25,194.84,131.61,76.21,34.65,110.01,147.36,29.55,386.37
2019-10-31,40.11,335.95,51.09,511.07,171.76,467.86,58.39,41.32,58.03,20.45,39.4,9.28,27.13,92.19,112.44,277.93,115.69,105.79,272.61,101.04,46.1,53.72,53.45,53.11,64.31,69.91,145.91,63.03,50.15,181.07,49.06,74.7,188.84,108.67,122.47,172.05,88.83,49.59,14.22,75.84,297.97,109.44,111.6,68.34,45.95,51.85,93.34,136.14,181.35,251.39,110.17,62.04,119.57,5.0,26.2,203.97,76.08,138.51,108.86,50.04,51.41,89.97,38.89,83.37,51.98,75.89,98.71,182.47,53.73,108.96,33.45,44.31,185.88,180.21,127.57,48.51,287.41,55.78,106.82,45.06,119.08,62.64,190.76,60.41,91.41,28.06,25.09,74.78,60.36,44.33,178.8,62.75,42.36,38.67,47.37,39.6,232.93,87.15,153.42,60.39,28.29,59.97,187.19,80.56,35.91,322.75,47.05,177.04,116.01,76.78,36.72,112.27,155.35,33.58,400.3
2019-11-29,38.25,364.0,53.93,513.36,177.48,470.01,65.55,45.29,61.08,19.86,40.41,10.75,28.91,91.22,116.24,309.53,114.56,109.58,275.08,106.2,46.18,52.01,56.9,50.79,64.75,70.33,156.04,69.51,51.67,175.98,47.38,75.84,185.33,106.53,128.63,171.2,90.04,51.21,13.96,71.47,309.79,105.4,115.84,67.45,45.42,51.14,97.79,144.23,185.13,258.15,112.07,64.42,124.88,5.4,25.78,191.73,75.6,145.21,111.5,50.0,52.48,91.63,38.31,87.27,46.56,79.17,100.41,189.7,54.96,111.8,32.33,47.18,193.91,177.52,148.83,54.78,314.66,63.25,112.66,48.93,126.13,64.89,200.7,61.56,90.87,28.44,27.09,70.7,59.67,44.16,198.11,65.47,44.41,41.55,48.82,41.48,257.97,88.67,159.39,56.75,31.33,64.62,207.45,76.56,36.47,337.1,46.7,167.36,121.02,74.89,39.31,117.72,161.71,34.02,429.09
2019-12-31,40.49,323.82,52.6,528.62,180.74,485.08,71.79,44.8,64.96,20.76,41.75,12.39,30.73,88.59,120.43,329.81,116.07,122.73,269.68,108.42,48.66,54.05,56.84,50.46,65.25,73.88,160.3,70.15,48.76,182.4,48.77,78.05,199.89,109.01,131.25,173.95,92.39,52.79,15.07,69.11,320.75,113.11,120.37,69.87,47.07,52.96,95.61,150.25,185.26,268.96,110.4,65.03,130.11,5.86,26.47,191.09,74.15,137.76,115.55,51.37,53.75,94.28,39.02,94.57,46.74,77.55,100.1,196.7,64.93,113.64,36.71,46.61,201.43,174.89,142.86,54.29,323.57,62.42,119.2,53.09,132.75,66.65,204.3,63.73,90.92,28.93,27.35,73.14,60.57,45.01,203.47,66.85,44.61,42.93,52.0,42.63,272.02,90.92,158.0,54.69,35.28,71.01,207.29,76.43,36.56,335.68,52.64,170.83,121.95,77.48,40.31,124.89,161.46,35.09,438.78
2020-01-31,39.09,316.37,51.16,534.08,191.39,517.46,69.25,38.64,60.91,20.26,35.22,10.53,28.64,72.65,108.12,351.14,120.62,130.39,280.32,105.71,50.7,58.9,54.96,45.65,67.56,69.4,159.08,65.05,48.48,185.35,53.54,75.3,201.56,109.41,117.55,188.36,100.44,56.39,15.03,71.76,309.22,119.23,108.26,75.93,49.67,58.66,84.55,162.19,176.83,253.72,98.69,65.22,121.99,5.89,27.63,199.59,66.75,131.78,120.96,56.78,47.85,83.82,37.65,89.89,46.83,80.81,107.34,187.68,56.71,118.34,38.07,40.66,208.28,180.72,136.62,60.57,345.09,57.37,113.91,48.51,139.15,71.29,200.97,67.58,95.47,27.78,26.41,78.29,65.31,44.03,182.35,55.09,43.9,44.17,52.09,38.19,252.1,80.08,154.63,58.42,29.41,74.84,210.57,77.18,35.22,369.08,51.99,179.49,117.21,85.44,33.93,127.46,180.99,27.74,460.29
2020-02-28,33.96,275.11,56.14,520.93,175.09,493.17,61.86,35.08,51.95,18.96,32.48,9.44,24.86,60.12,94.64,345.12,112.13,118.39,258.49,96.92,46.65,53.05,55.87,40.12,62.31,62.19,142.56,68.81,45.72,170.55,47.93,69.95,197.26,99.41,111.19,172.03,94.19,49.22,13.81,63.86,287.11,114.02,102.77,71.01,45.49,55.59,74.66,154.78,164.48,219.37,92.6,56.98,103.8,6.73,25.22,190.61,53.06,128.61,102.39,49.12,40.2,73.88,35.25,83.66,43.52,73.33,98.22,176.48,49.2,108.39,37.71,35.76,176.98,167.29,116.21,52.93,369.03,50.06,99.93,39.81,125.06,66.64,191.58,58.81,80.92,24.93,23.6,74.22,59.82,40.12,169.79,51.3,41.19,38.06,46.42,34.03,235.92,74.66,145.58,54.1,24.12,66.26,193.72,87.87,33.13,320.93,48.78,167.75,106.69,73.69,30.29,115.89,169.16,25.7,404.13
2020-03-31,33.43,149.14,61.12,568.01,155.21,436.31,47.08,35.07,34.48,15.69,23.97,6.4,18.65,43.09,75.74,318.24,102.71,130.21,262.16,78.25,44.49,51.69,44.67,19.99,57.53,62.99,125.81,61.17,44.68,147.69,38.52,58.63,189.39,96.58,103.85,146.49,97.49,47.97,10.03,39.08,280.21,115.87,94.0,64.63,37.95,52.92,77.08,150.67,146.26,182.44,41.28,41.16,78.61,6.57,21.53,164.53,36.33,111.04,79.74,44.06,29.67,57.35,30.17,77.45,22.33,70.45,83.72,160.62,27.94,106.43,38.37,25.13,136.27,124.02,95.42,38.67,375.5,50.19,77.48,25.32,119.88,57.82,166.02,48.03,62.13,24.35,20.87,65.47,58.75,39.8,172.34,35.63,44.36,28.74,15.17,28.72,231.67,58.16,120.1,37.44,12.01,61.64,177.26,81.77,35.11,294.1,46.04,160.82,89.1,66.02,21.92,113.0,142.93,19.82,386.84
2020-04-30,36.36,141.02,68.67,614.06,172.16,495.23,63.38,33.19,39.75,16.69,24.23,8.37,21.12,58.77,82.3,353.64,113.13,145.15,279.24,95.83,45.7,54.49,45.82,27.14,61.47,64.96,142.54,66.94,49.19,183.4,39.15,68.43,207.9,104.17,105.08,166.17,123.7,53.17,10.97,43.73,330.68,127.93,104.61,66.69,39.36,50.83,78.1,171.21,170.73,183.41,50.24,56.89,88.69,7.28,21.69,193.71,50.74,116.08,85.47,46.16,36.31,72.82,33.02,81.6,26.96,78.21,94.76,170.83,37.3,115.26,50.4,25.43,161.69,137.32,106.83,33.12,419.85,52.5,83.3,34.61,141.57,67.01,203.76,52.65,78.36,28.62,23.91,68.53,62.58,43.01,203.36,41.6,50.79,33.61,21.53,32.28,271.7,68.48,127.39,41.41,14.98,71.21,200.32,85.57,37.56,337.58,50.63,150.17,90.76,68.61,27.5,129.3,160.77,23.24,441.41
2020-05-29,41.03,145.85,63.62,637.05,188.39,544.0,64.5,33.3,39.66,16.9,26.19,8.6,21.19,63.65,92.63,386.6,112.5,144.24,284.28,119.24,46.3,55.75,49.29,30.23,67.75,66.09,152.38,75.47,49.93,201.48,42.16,69.93,225.51,102.45,108.46,166.18,122.12,56.09,11.58,43.83,345.02,138.14,108.81,69.67,40.04,56.2,83.13,175.55,189.47,185.73,43.41,57.13,94.82,8.84,22.65,218.96,54.26,119.55,89.04,47.01,36.23,73.59,34.75,92.5,29.13,80.2,95.53,187.86,40.02,117.73,49.54,23.64,174.31,131.47,115.87,32.0,419.73,55.93,84.65,35.02,144.3,71.33,224.04,53.69,81.78,28.78,25.64,70.11,64.41,42.96,196.56,45.77,53.46,37.68,26.39,31.97,283.2,72.05,131.86,41.88,16.45,77.27,214.59,97.5,38.51,339.13,49.73,164.17,95.94,71.0,29.46,129.08,173.52,26.29,464.8
2020-06-30,40.02,183.3,63.48,641.31,186.4,510.04,72.57,32.87,42.3,16.56,25.1,10.97,21.0,58.48,96.63,435.31,113.99,154.83,279.43,123.61,45.68,53.94,47.24,32.16,65.41,63.82,151.68,79.96,51.33,189.01,38.84,65.98,226.8,105.67,114.22,164.53,137.94,53.33,11.12,44.77,358.24,135.28,108.5,69.31,38.67,53.11,92.69,194.96,184.36,199.73,51.45,54.56,87.48,9.47,21.46,222.06,47.89,129.04,89.17,42.71,35.63,71.61,34.41,92.01,30.89,82.31,92.37,197.85,39.77,118.57,52.55,22.87,175.31,131.67,110.15,33.31,455.04,55.42,81.82,34.88,153.31,70.56,226.01,50.28,79.21,24.64,28.08,65.41,65.24,41.28,201.84,47.84,52.28,41.17,23.89,33.24,275.18,75.77,130.72,45.23,16.48,88.66,215.61,101.51,37.18,318.59,48.96,156.97,102.97,66.33,31.11,122.04,185.97,28.86,481.56
2020-07-31,40.73,158.0,57.37,717.27,183.72,580.0,82.81,31.57,41.82,16.49,27.94,12.25,22.0,50.44,98.08,444.32,118.64,141.73,300.65,136.74,49.58,59.58,48.57,32.87,65.29,66.22,155.52,78.22,51.71,177.73,43.53,68.62,229.3,116.61,120.88,173.28,158.23,42.55,10.53,46.33,409.27,134.76,104.66,74.97,40.88,62.07,119.02,196.4,206.72,200.32,47.91,50.19,89.66,10.58,22.83,235.34,45.79,154.97,87.8,44.98,33.53,67.36,37.78,91.59,32.36,92.97,94.03,228.64,37.07,127.53,58.89,21.67,175.61,130.38,115.51,29.61,488.88,54.11,84.88,31.37,176.69,74.04,252.49,53.38,82.98,29.29,28.18,69.38,69.15,43.53,209.37,45.51,54.08,41.96,20.75,31.09,282.49,78.55,135.04,45.83,16.26,103.3,255.95,104.65,40.17,330.86,49.22,163.5,103.31,72.36,31.34,126.49,193.43,29.93,508.93
2020-08-31,36.51,171.82,55.08,723.64,204.87,615.61,92.23,29.82,42.75,16.62,29.35,14.8,22.76,48.24,110.21,513.39,120.71,140.62,321.09,151.23,52.19,59.96,51.19,30.98,63.21,70.37,173.5,78.93,53.36,187.23,41.42,76.15,218.56,123.02,129.46,191.55,172.55,45.72,10.32,50.3,424.13,131.97,114.42,71.34,42.86,62.04,137.28,216.58,214.53,196.7,52.14,54.42,93.47,13.33,22.04,252.67,43.6,202.31,95.59,43.49,32.45,68.35,39.56,105.22,34.76,89.83,95.54,232.96,35.88,132.33,57.26,21.66,182.85,134.59,130.26,30.92,529.56,53.4,88.0,31.79,179.01,81.08,291.84,53.03,87.78,28.76,30.88,66.54,71.0,44.88,218.22,48.4,54.66,44.87,20.43,32.07,291.6,82.29,150.52,47.52,17.04,125.68,260.98,113.72,43.28,342.81,52.19,173.74,104.77,66.19,34.96,134.01,270.67,33.33,525.91
2020-09-30,34.07,165.26,52.67,696.47,193.25,624.34,93.02,28.17,36.05,15.89,27.62,14.83,21.45,42.77,111.75,490.43,120.33,140.27,327.86,152.3,51.61,59.93,51.99,25.64,64.36,68.95,177.49,72.19,55.67,190.29,41.17,77.46,213.06,123.61,135.68,196.91,157.44,46.47,9.21,48.18,436.75,135.61,112.42,70.02,43.07,61.68,139.81,201.99,222.74,228.21,49.7,51.33,92.39,13.49,21.35,247.46,35.91,232.15,94.33,45.19,27.89,58.63,40.84,118.06,35.78,89.24,94.27,222.95,28.44,124.73,54.2,21.09,179.37,128.53,122.56,30.44,500.03,50.2,84.55,27.55,186.85,72.93,260.68,51.22,83.61,27.93,32.71,73.35,69.11,45.05,218.95,52.11,52.72,41.51,19.31,29.78,292.08,83.6,149.66,46.72,14.04,112.79,267.17,111.46,43.61,336.68,50.58,183.81,98.41,68.62,36.45,130.05,249.49,31.81,501.91
2020-10-30,31.34,144.39,48.47,670.0,175.61,603.82,93.23,26.7,35.06,15.34,24.83,16.44,21.1,38.5,118.74,447.1,115.72,123.63,330.92,145.67,47.72,60.81,47.46,25.78,65.51,62.52,159.75,71.09,52.53,174.82,42.29,78.4,202.42,122.61,143.74,191.09,151.81,39.74,9.08,47.02,468.0,127.22,112.27,73.14,41.93,65.08,131.82,194.44,219.94,258.25,49.16,48.46,95.03,12.5,23.82,237.66,32.01,239.49,86.2,47.89,26.51,56.6,37.48,112.92,33.65,87.98,86.52,206.29,27.36,112.0,53.68,19.24,168.72,119.74,119.77,36.25,475.74,48.62,86.89,24.32,199.18,80.42,261.89,54.25,85.47,27.0,31.39,76.29,71.06,43.61,186.88,50.6,50.95,41.64,22.25,30.06,285.87,79.44,149.97,44.67,13.48,106.02,247.78,106.79,43.25,307.56,49.41,189.05,109.8,75.5,35.24,119.77,230.58,28.72,533.67
2020-11-30,37.55,210.71,50.57,641.61,203.6,651.99,90.93,30.18,46.62,16.32,33.88,22.18,25.07,50.7,134.86,478.47,125.22,138.75,362.52,143.57,51.61,58.49,59.33,34.46,64.0,66.83,184.86,87.37,54.04,211.53,45.88,88.79,203.78,124.19,158.88,196.23,158.4,43.7,10.98,55.58,459.95,136.48,122.27,73.34,45.37,65.72,144.42,206.12,239.45,258.11,64.63,64.46,117.27,13.36,24.74,247.19,45.39,264.51,112.03,50.39,31.71,72.05,44.58,126.67,40.85,88.74,97.06,240.07,37.46,117.68,50.24,24.64,205.8,143.38,146.2,49.73,490.7,58.77,104.48,33.61,194.92,87.3,275.68,55.17,97.32,31.05,36.05,77.53,77.14,46.23,192.57,63.66,52.42,53.47,27.52,34.23,315.1,86.41,186.28,46.48,18.76,116.15,251.28,129.57,47.62,322.91,52.75,185.24,117.93,71.86,41.59,127.27,244.01,32.04,621.97
2020-12-31,39.06,214.06,49.12,656.68,211.71,661.55,83.86,31.66,52.2,16.32,35.16,24.67,27.16,58.53,132.52,500.12,129.66,160.84,357.64,147.89,52.82,58.28,63.8,36.66,61.81,68.55,188.61,89.52,60.56,206.47,42.08,96.91,198.94,124.43,166.59,193.65,162.85,45.03,10.43,57.03,460.96,130.76,123.73,72.99,48.22,68.9,142.17,214.16,235.38,275.93,67.78,64.27,126.56,13.02,25.44,238.0,47.75,240.16,114.23,51.72,34.28,69.79,46.5,133.31,42.2,88.9,98.91,247.66,39.85,114.78,51.5,27.19,236.64,139.47,178.97,52.81,540.73,59.21,112.62,33.97,192.92,87.21,271.89,55.58,99.85,29.84,39.64,76.61,77.02,44.96,199.4,68.57,50.68,59.26,29.45,37.13,329.71,88.94,194.3,48.37,19.82,129.45,246.27,131.43,45.09,314.04,52.85,192.28,128.49,70.49,43.54,138.44,220.91,31.86,645.89
2021-01-29,39.23,194.19,55.3,680.39,187.04,607.56,91.45,39.89,49.52,16.54,37.58,25.52,26.57,56.74,123.78,458.77,119.41,198.12,334.53,154.27,50.08,55.94,59.83,38.25,59.91,64.58,178.87,86.61,56.79,195.17,40.18,87.69,201.51,115.35,168.23,187.56,160.31,50.18,10.95,53.48,504.43,130.82,124.34,73.83,42.34,72.22,130.85,223.35,221.57,279.27,73.86,59.97,122.81,12.96,25.04,242.66,47.63,217.7,110.22,49.6,37.29,70.41,44.19,125.88,39.64,92.06,93.59,230.64,40.96,112.45,51.25,26.92,243.33,142.28,166.12,52.23,532.39,62.53,114.86,34.01,206.55,90.93,257.13,53.98,93.35,29.41,40.78,78.65,70.65,42.35,209.38,64.15,50.51,58.27,31.28,35.12,313.63,83.14,178.47,46.13,20.16,128.74,240.45,122.88,43.95,284.71,52.34,189.53,124.76,68.49,40.72,143.5,223.92,34.63,627.73
2021-02-26,39.49,212.01,51.76,598.74,205.88,613.42,84.33,38.41,56.26,16.11,41.4,32.16,31.1,70.27,124.37,459.67,112.96,196.01,314.81,147.71,48.02,51.22,61.88,48.95,56.15,60.85,187.43,91.06,60.63,199.79,36.96,98.28,191.55,111.14,198.63,187.19,154.65,55.27,11.43,60.46,445.42,127.94,124.96,67.06,43.08,65.96,134.09,224.27,218.43,327.88,89.75,65.12,144.06,13.68,23.26,231.47,65.95,235.43,128.23,48.26,46.0,83.78,47.0,127.26,45.52,88.37,94.7,229.57,51.9,109.24,46.76,32.68,286.68,152.78,186.73,61.32,538.85,59.46,131.37,44.6,190.77,100.61,256.42,50.59,95.68,27.44,42.54,72.38,68.12,42.77,196.52,77.12,47.83,66.81,34.78,37.17,312.35,93.29,185.68,47.25,25.58,118.48,230.41,116.92,40.64,294.46,52.25,194.79,133.18,63.95,47.06,140.26,214.93,37.25,621.68
2021-03-31,45.51,254.72,55.11,627.6,205.24,617.02,97.08,44.0,62.13,17.49,41.49,31.23,34.84,68.99,138.62,475.37,124.66,178.72,335.24,175.84,53.15,58.57,62.03,47.94,63.01,65.16,200.58,91.46,65.95,204.74,42.35,99.41,211.88,121.84,213.34,203.54,154.7,58.19,12.95,63.78,451.92,142.58,137.53,73.62,46.74,67.87,144.42,227.54,236.95,326.86,90.43,69.9,150.1,13.32,26.61,275.2,61.34,263.42,134.5,52.89,47.23,87.8,48.23,125.48,46.28,95.14,106.11,264.42,58.3,119.42,52.35,35.31,294.54,161.76,182.27,64.25,521.66,65.66,135.89,45.42,195.66,102.63,293.16,58.32,99.98,29.68,42.29,81.63,71.41,44.98,217.4,78.59,53.31,67.5,39.79,41.7,351.05,103.14,199.19,49.98,24.92,119.35,254.95,122.11,42.67,329.46,54.2,207.16,138.43,72.36,50.74,145.48,210.33,38.38,678.99
2021-04-30,45.12,234.31,54.13,665.62,226.4,673.45,98.31,42.56,61.27,18.46,44.46,35.83,36.49,68.46,157.97,508.34,127.04,174.84,354.63,181.99,55.22,62.78,66.58,49.88,66.28,62.97,202.11,95.39,71.54,214.36,46.53,104.16,226.96,120.81,210.82,214.38,173.37,52.31,13.46,66.81,465.63,156.6,140.72,73.31,47.86,69.58,173.19,243.38,263.79,343.7,97.86,75.3,161.02,14.98,27.34,291.81,63.37,269.23,145.83,56.3,48.43,86.36,50.28,125.22,48.12,104.59,112.97,269.8,59.53,114.5,54.2,40.71,313.86,168.33,183.75,64.2,513.47,67.11,138.1,43.85,220.75,117.11,323.57,60.52,110.46,31.67,41.61,85.15,73.5,45.19,209.39,78.36,53.35,72.05,41.86,44.26,376.27,111.51,204.67,54.61,24.79,128.45,261.42,128.78,43.95,339.32,53.59,236.04,142.35,75.79,49.59,144.04,228.65,40.21,737.83
2021-05-31,46.88,247.02,56.38,683.09,220.65,694.53,98.29,42.57,67.7,17.3,48.88,40.59,38.17,72.02,166.29,504.58,130.38,191.91,360.52,180.68,57.69,62.41,63.58,55.92,63.16,64.15,205.49,96.85,74.32,205.71,45.21,104.03,227.57,122.11,222.81,213.57,161.15,52.25,14.48,67.12,464.91,156.97,145.99,69.53,49.02,65.73,183.2,241.52,273.62,354.5,103.29,80.73,167.68,16.21,27.68,287.52,69.72,291.95,152.27,54.94,50.1,88.06,51.35,129.11,48.12,105.77,115.74,283.73,64.95,112.19,63.82,42.31,336.22,181.42,176.47,68.8,502.81,75.93,147.46,48.17,222.66,117.27,327.2,59.6,111.33,32.05,43.08,85.55,76.31,44.17,209.36,85.06,55.11,79.38,42.18,46.21,388.64,116.99,212.77,54.2,28.71,121.96,271.55,137.86,44.79,343.1,56.43,237.15,146.99,74.1,54.85,150.75,236.37,42.6,789.83
2021-06-30,46.97,239.56,59.33,744.18,226.98,721.45,97.84,42.53,60.85,16.92,47.3,35.26,37.28,73.39,157.09,585.64,131.53,220.52,377.11,179.88,56.99,58.4,63.46,54.67,61.53,69.49,201.1,96.37,73.47,197.44,42.82,102.13,241.79,122.18,201.14,210.92,172.01,51.36,14.4,74.6,499.81,162.71,142.82,68.72,48.34,66.13,177.54,262.04,262.93,342.96,104.89,77.63,164.31,19.96,27.19,289.01,67.7,277.38,157.12,52.01,54.14,88.86,51.06,146.17,49.94,107.83,118.04,273.84,67.45,115.9,55.46,41.01,343.0,184.34,173.62,65.92,528.21,73.3,139.65,52.63,233.46,121.5,346.09,58.28,106.75,32.4,43.83,84.27,74.1,43.81,214.47,78.46,53.42,80.02,44.5,45.46,379.22,113.56,202.12,53.08,29.45,134.05,262.05,141.15,44.47,339.65,57.37,254.15,138.58,72.88,50.73,146.73,242.49,40.31,791.66
2021-07-30,49.41,226.48,58.84,760.69,239.18,744.05,95.61,38.11,58.6,16.79,43.44,36.28,34.68,62.79,151.3,621.63,139.32,233.96,410.32,179.43,57.74,60.5,64.77,49.97,62.62,68.68,200.03,100.6,82.55,211.69,44.2,110.92,253.12,129.6,192.13,221.62,166.38,49.14,13.94,77.97,535.02,161.03,142.32,73.88,50.95,70.3,163.36,275.6,280.86,354.16,102.79,79.12,158.15,19.46,28.71,297.44,58.07,260.29,162.58,54.89,49.41,86.38,52.91,158.48,52.28,115.51,113.5,291.17,59.99,117.58,54.97,41.6,338.8,201.25,173.87,63.42,517.57,72.79,137.06,48.83,258.81,134.08,354.64,57.95,121.93,35.75,44.62,89.72,72.8,44.11,212.52,75.76,52.04,84.38,42.32,45.85,390.38,113.96,215.42,56.09,26.52,142.76,265.1,140.36,44.96,333.65,58.7,264.11,137.85,75.92,49.83,153.37,240.17,40.68,784.6
2021-08-31,52.67,219.5,62.71,784.76,222.71,816.66,99.15,41.43,62.32,16.41,42.02,34.65,37.75,61.57,148.16,663.7,138.83,248.97,434.93,189.86,56.65,60.94,68.7,54.18,65.1,68.16,199.24,104.48,84.43,216.03,47.92,107.74,261.5,129.75,195.96,218.0,173.54,49.77,13.05,79.15,549.83,162.37,141.09,77.7,50.31,76.14,167.88,292.57,293.59,372.26,109.23,77.6,165.68,22.34,30.32,295.62,58.38,247.03,158.22,57.06,47.5,83.24,54.57,156.12,48.92,121.48,114.32,297.99,55.6,119.39,50.75,41.56,375.52,202.79,179.09,64.53,569.19,76.35,144.44,48.36,282.01,144.0,377.62,58.71,122.06,38.47,45.7,90.17,71.39,43.49,199.95,77.37,51.11,91.8,42.76,49.33,394.21,109.71,214.55,57.81,25.91,148.82,245.5,133.54,46.88,325.33,57.83,273.52,147.83,77.81,50.97,155.12,263.34,35.59,853.47
2021-09-30,48.57,219.94,60.79,735.15,216.53,727.56,90.52,38.41,60.82,16.17,51.64,30.98,38.58,60.65,132.8,575.72,134.43,222.71,429.07,188.9,53.42,55.78,62.33,56.5,61.56,67.72,180.1,93.31,82.54,200.41,43.02,101.15,238.69,127.39,178.39,221.35,164.25,49.05,13.42,74.51,566.32,145.56,127.09,70.52,47.23,71.19,156.27,273.23,270.45,333.62,106.79,78.7,169.62,20.68,29.9,299.02,62.13,204.46,159.72,53.8,51.25,87.26,50.3,137.63,48.68,113.69,113.17,278.83,66.09,115.69,47.97,42.21,343.3,195.78,167.1,63.12,610.34,75.0,147.82,59.03,265.03,133.03,337.81,56.59,113.94,35.92,44.9,84.08,69.21,42.71,188.53,72.36,52.89,85.55,47.22,46.31,371.36,109.58,196.39,52.11,27.39,138.7,234.66,124.52,44.12,312.04,51.6,252.7,141.49,70.53,46.65,144.7,269.25,36.03,762.15
2021-10-29,50.29,207.03,56.47,778.83,205.86,674.89,104.67,38.39,60.38,15.41,52.54,35.99,43.42,64.77,149.11,650.36,144.43,245.57,470.11,218.51,55.77,57.65,61.87,60.26,64.01,79.38,221.81,100.37,91.19,213.47,44.63,97.27,253.58,131.11,190.63,225.43,168.62,45.11,13.65,72.7,627.51,151.42,129.45,73.22,50.74,77.36,183.19,321.4,306.1,383.57,120.44,81.36,184.09,25.52,32.89,338.63,68.08,219.6,166.09,54.1,56.17,98.48,46.46,158.54,47.06,131.39,101.9,303.37,76.48,113.11,47.71,46.53,375.37,210.56,167.01,64.25,690.31,79.36,154.33,65.28,271.42,147.33,322.07,57.09,116.39,36.52,49.23,87.89,70.19,42.4,183.49,71.57,55.1,90.97,52.56,53.19,437.63,118.51,202.25,57.39,29.81,146.83,274.7,112.11,47.3,300.48,50.93,282.53,149.75,73.59,45.36,145.94,297.51,37.58,857.39
2021-11-30,49.27,197.85,59.99,758.42,188.69,646.28,91.5,36.93,55.61,13.93,56.31,35.38,40.41,60.62,143.69,669.85,142.81,239.87,515.86,228.57,54.11,56.88,65.81,56.12,60.02,67.54,216.52,100.91,86.25,212.75,43.9,100.97,236.05,132.56,180.67,225.82,175.35,45.61,12.6,72.51,627.28,152.56,124.21,70.96,47.59,79.02,171.07,320.99,320.78,394.59,125.58,74.52,171.85,32.62,32.84,364.93,59.72,214.79,145.56,53.61,52.85,98.22,45.15,160.38,41.37,136.64,101.13,302.36,71.96,113.83,48.52,43.62,345.99,212.51,143.13,58.19,641.9,79.16,144.28,61.46,280.01,141.21,322.95,53.62,114.88,45.27,51.27,84.39,69.11,40.22,177.82,68.03,55.07,83.93,49.44,49.23,422.19,115.46,187.91,56.71,26.61,162.26,263.36,106.05,44.51,303.92,46.77,278.45,136.78,71.07,45.06,140.64,282.89,36.23,822.08
2021-12-31,56.93,201.32,63.83,789.83,211.03,651.97,87.61,43.0,52.72,15.01,65.78,39.82,40.62,63.51,160.71,567.06,156.3,267.12,542.95,241.56,61.21,60.84,71.99,59.01,66.81,69.74,232.61,118.52,82.89,225.85,49.29,107.72,264.36,149.99,193.18,247.49,166.72,47.74,12.92,78.12,661.66,176.63,129.76,78.99,53.72,85.01,184.84,326.55,341.04,430.78,132.7,79.26,174.92,29.36,35.97,379.6,67.01,241.89,156.36,60.17,54.05,102.11,45.46,158.23,45.47,153.2,115.43,330.33,75.2,125.89,55.33,43.81,349.25,226.13,153.0,57.93,602.44,91.7,143.84,63.43,286.61,144.15,334.79,59.68,129.86,49.75,62.0,91.25,78.62,41.57,201.15,72.01,60.07,86.88,48.55,52.18,478.78,127.52,193.74,59.98,27.79,174.31,280.15,113.04,45.98,324.06,54.37,320.39,146.44,78.02,46.53,154.29,252.28,37.73,835.86
2022-01-31,50.32,200.24,60.38,676.9,220.24,593.34,85.6,41.02,56.85,15.86,64.01,35.58,42.13,74.32,145.58,534.3,156.13,237.31,483.1,222.55,61.87,62.6,68.24,66.17,68.59,74.15,225.8,121.09,77.43,182.39,48.9,90.55,227.31,147.91,189.28,239.54,149.57,45.26,14.37,78.9,576.44,154.44,121.28,77.69,55.35,71.14,174.38,301.94,277.46,380.52,122.26,83.06,180.71,24.44,36.09,335.67,74.02,229.93,172.29,60.97,67.09,114.28,45.38,140.57,47.16,142.7,115.35,303.87,95.07,121.25,54.57,49.12,323.81,218.65,141.22,57.93,427.14,95.18,135.81,77.88,248.96,134.65,311.8,62.33,117.06,44.72,54.59,91.39,76.37,43.09,203.09,75.53,61.69,91.38,50.93,53.55,450.58,121.18,189.99,58.36,36.26,171.57,259.76,105.42,44.43,354.8,57.09,306.68,155.57,79.27,49.0,155.39,230.94,36.71,751.31
2022-02-28,50.41,205.34,53.1,662.73,210.8,601.78,83.33,38.38,52.11,14.74,75.77,44.88,40.36,74.63,124.87,467.68,147.33,242.73,497.36,207.28,60.44,60.51,62.91,72.35,67.63,69.69,228.18,130.71,72.48,169.7,46.47,84.97,205.04,143.7,176.15,227.26,153.56,44.56,14.4,76.41,539.45,140.96,109.68,71.02,56.47,71.66,182.78,290.71,255.39,371.61,114.25,95.09,174.79,24.34,37.46,288.88,75.34,207.87,186.39,57.41,70.04,126.63,42.45,129.64,48.03,132.72,107.1,279.61,98.0,114.65,59.05,48.95,311.58,213.6,146.65,58.57,394.52,92.63,129.6,83.77,239.05,134.41,210.05,65.06,115.17,39.84,54.74,88.22,71.27,43.45,204.25,75.92,60.56,80.87,54.8,48.03,453.73,111.11,177.26,55.77,36.53,162.29,217.58,120.08,42.95,398.09,60.41,303.67,160.86,80.19,48.94,149.4,209.0,34.47,679.14
2022-03-31,50.4,191.5,52.92,695.49,216.31,545.52,79.09,37.28,46.98,14.7,96.18,47.54,37.82,76.54,122.64,455.62,151.59,278.09,551.57,189.59,58.27,65.31,57.65,79.43,72.86,75.33,253.47,143.4,78.93,170.51,51.57,84.21,227.05,140.85,209.25,229.59,163.0,46.29,15.65,88.2,586.03,157.53,109.85,77.17,56.68,77.56,186.29,299.97,242.28,376.98,110.63,91.73,161.81,27.24,41.93,275.43,91.61,217.16,179.17,64.28,73.76,143.19,42.5,128.04,55.33,147.68,113.66,305.84,102.55,109.46,71.39,44.45,303.2,223.76,135.48,56.16,374.59,90.45,124.59,88.57,255.75,138.4,221.33,76.39,111.36,43.94,59.07,98.1,70.24,41.24,218.08,81.21,60.82,77.89,59.28,44.85,487.7,115.45,181.77,58.69,38.46,171.62,231.6,125.09,47.51,405.06,64.72,335.72,171.94,88.25,52.89,160.89,210.78,32.7,702.54
2022-04-29,44.58,148.84,52.82,674.35,207.89,428.49,78.25,35.31,42.86,15.76,90.37,38.82,32.74,76.86,119.76,395.95,155.51,283.69,510.12,186.13,59.85,66.3,58.32,81.07,70.0,81.42,217.36,131.08,70.3,163.54,52.49,69.09,219.02,148.83,198.73,231.33,124.28,40.72,15.25,83.31,548.59,158.05,106.41,76.48,59.06,65.02,156.34,270.01,266.87,346.94,99.23,87.88,146.93,18.52,41.18,276.42,100.58,186.52,167.87,65.06,76.14,137.77,36.3,118.66,49.77,146.59,115.58,298.69,101.04,123.39,65.46,40.02,280.6,204.94,110.27,45.76,190.36,86.36,109.91,84.6,218.96,113.56,199.54,73.32,109.93,41.65,52.01,96.79,71.78,37.94,210.3,83.75,63.99,72.42,53.93,38.31,486.35,119.14,180.77,58.95,36.32,154.95,216.92,120.01,48.81,396.54,66.71,319.56,160.96,87.67,55.19,163.82,174.66,30.96,574.3
2022-05-31,41.0,131.4,57.73,647.44,207.35,506.93,71.4,36.93,47.48,17.79,92.54,37.41,34.13,90.24,118.91,416.48,151.93,305.41,447.28,183.85,58.99,68.18,60.82,95.13,72.21,84.49,205.09,131.52,68.88,158.29,53.6,73.18,232.75,137.08,203.74,234.16,120.21,41.83,16.55,82.3,563.13,161.84,111.27,81.36,57.94,69.68,159.66,265.16,260.76,333.01,96.41,88.61,155.16,18.64,43.58,278.58,117.88,210.77,162.21,67.69,86.61,154.89,40.42,113.09,50.84,116.59,122.86,310.87,118.52,118.22,60.96,42.21,302.05,187.35,109.09,48.05,197.44,86.91,121.76,99.95,230.02,113.21,192.74,74.46,114.68,45.38,54.43,99.75,73.42,42.03,233.38,90.24,63.2,77.41,56.08,42.46,475.09,125.26,181.79,58.19,42.95,146.5,228.12,129.91,41.19,406.45,66.87,284.41,168.47,90.96,56.99,164.0,159.08,34.03,615.12
2022-06-30,38.81,136.72,55.71,619.1,192.42,468.53,57.44,31.93,40.89,17.51,80.32,28.01,28.73,73.39,107.48,366.06,151.98,315.92,459.81,164.43,57.95,64.51,53.44,76.83,68.98,84.38,199.03,136.68,66.92,149.0,50.18,71.21,233.68,133.29,168.73,230.49,106.21,35.23,14.08,76.08,539.35,145.03,96.45,74.44,57.93,71.31,159.91,250.49,217.83,293.62,81.08,89.53,139.56,15.14,40.19,253.99,96.66,213.77,133.69,63.8,77.26,128.39,35.82,97.5,46.48,108.34,124.94,276.26,96.88,121.21,54.05,36.13,274.49,176.43,93.25,39.12,174.87,83.24,103.69,80.5,221.26,108.44,160.5,68.28,107.16,44.85,45.95,95.05,74.66,41.58,221.16,73.19,68.26,68.35,47.27,38.0,492.98,122.64,163.19,58.44,33.42,134.58,224.36,131.13,38.93,397.07,68.72,270.76,160.0,85.53,43.27,162.16,163.84,28.17,563.99
2022-07-29,41.67,159.31,53.86,663.13,207.29,432.1,67.84,33.38,46.59,15.9,89.46,30.29,31.2,79.66,121.54,410.12,159.55,321.24,520.18,181.3,59.77,66.72,58.52,85.66,70.86,82.69,212.11,129.27,74.89,160.06,51.28,79.03,247.61,129.6,188.38,245.88,134.95,34.19,15.35,79.76,594.08,155.61,106.76,77.75,59.1,77.78,170.73,273.81,235.37,345.47,92.79,86.83,148.19,18.14,41.23,278.68,100.75,219.79,148.54,68.79,87.45,145.24,34.49,109.63,48.61,122.06,115.74,290.17,98.33,118.2,41.02,40.46,308.1,194.31,104.8,45.42,224.9,86.46,107.17,87.33,254.38,115.76,158.36,75.92,115.69,43.55,50.65,97.46,73.81,38.33,224.95,74.58,68.15,76.47,51.67,39.93,520.54,140.96,180.7,63.56,34.61,159.96,231.59,139.43,42.28,382.16,65.85,294.05,150.14,87.87,44.61,159.43,182.68,32.46,619.68
2022-08-31,41.07,160.25,57.21,622.13,194.54,412.63,62.29,29.91,43.82,14.85,97.3,28.42,31.01,80.94,119.95,373.44,157.1,294.44,501.73,183.77,57.74,67.69,59.93,94.72,70.7,79.01,210.71,121.12,71.34,158.76,51.8,78.81,232.27,128.7,175.52,236.82,126.77,30.37,15.63,71.36,541.37,147.14,93.63,79.04,56.83,78.69,171.66,255.56,226.34,341.83,87.11,84.09,141.1,15.07,39.22,268.85,107.49,198.78,146.6,69.55,87.05,141.42,33.26,101.55,43.25,114.65,115.12,271.78,107.24,114.37,37.47,40.6,309.74,182.48,110.71,45.13,223.56,88.69,105.65,98.55,235.56,107.7,162.17,75.54,105.55,39.0,47.21,95.66,73.31,34.69,220.13,70.41,69.98,77.3,52.96,38.16,498.45,143.86,178.66,58.86,35.65,154.97,235.53,140.31,42.62,390.56,60.16,298.03,152.92,90.02,43.34,148.38,154.99,31.97,617.1
2022-09-30,36.73,121.08,56.23,538.35,173.92,303.35,56.48,26.79,37.41,12.99,90.52,26.24,28.05,73.03,104.56,275.2,149.87,316.06,453.85,177.78,51.53,58.73,59.71,93.39,60.22,80.34,182.85,120.89,58.75,140.4,45.21,78.99,196.29,117.79,155.91,216.6,113.0,24.52,14.2,59.88,503.79,125.6,83.2,69.21,51.97,72.53,142.57,227.64,199.67,316.64,77.97,76.7,133.44,12.13,33.46,257.22,98.07,140.76,130.11,61.36,79.51,128.54,26.96,79.52,36.71,94.17,106.48,260.11,99.95,101.86,38.57,37.35,272.85,168.76,93.18,38.09,235.44,86.18,97.08,93.4,225.63,95.19,135.05,69.14,100.9,37.73,42.35,83.23,65.85,31.5,206.48,63.86,69.81,71.67,44.32,35.39,486.26,138.47,157.54,50.39,33.71,136.22,218.64,130.76,41.71,359.12,63.45,265.39,145.75,77.67,37.33,150.24,142.79,26.62,513.33
2022-10-31,42.1,142.51,71.51,536.07,202.81,367.62,61.0,31.14,41.17,15.71,99.93,30.58,33.48,94.36,107.86,318.5,166.69,353.93,482.81,185.54,57.78,59.74,69.31,106.82,60.97,94.41,185.03,133.18,75.49,152.7,48.13,81.17,190.86,126.55,206.98,255.95,102.44,27.05,15.7,56.82,510.52,115.79,94.71,67.72,55.52,71.69,148.07,226.89,219.45,330.3,94.67,88.84,145.97,13.48,34.47,276.04,115.23,151.95,143.7,59.09,100.92,161.85,29.43,88.67,35.76,102.65,123.94,286.9,122.89,112.65,38.83,42.71,320.77,160.45,105.24,47.87,291.88,86.09,118.0,115.08,219.85,94.05,92.73,69.6,112.2,40.14,44.84,83.37,69.68,31.54,247.65,64.85,74.87,75.24,52.12,39.04,534.51,164.94,192.5,54.13,48.85,151.14,235.24,147.71,45.77,452.45,69.67,280.74,175.49,78.99,39.72,159.99,161.41,31.82,602.54
2022-11-30,46.08,178.88,80.05,656.71,212.94,391.29,76.06,35.82,43.95,16.62,102.13,38.41,35.16,99.0,128.42,344.93,170.3,363.72,519.15,202.29,63.54,64.43,77.27,115.24,53.25,102.73,204.07,146.62,80.29,145.66,52.74,96.36,203.81,140.17,226.06,257.5,96.54,28.98,16.57,66.73,556.46,122.89,95.96,73.56,59.42,78.74,168.92,250.08,243.61,360.93,103.76,93.04,151.77,16.91,37.28,303.78,123.52,172.75,152.55,61.67,102.21,165.28,33.97,104.94,42.52,109.17,135.05,324.65,127.76,122.76,43.56,44.83,361.86,160.25,96.67,52.89,305.53,92.62,129.53,113.16,238.84,100.5,117.55,76.63,122.63,43.6,52.56,90.35,73.11,32.9,264.15,73.1,78.29,85.22,58.8,42.55,527.39,170.01,208.17,55.04,48.4,146.15,291.38,147.62,49.01,453.85,72.2,270.06,180.58,87.79,43.91,164.75,159.09,36.19,667.93
2022-12-30,44.15,190.49,78.9,622.84,203.87,339.1,72.28,32.25,41.06,15.87,80.42,36.67,30.95,95.02,119.42,336.53,166.87,358.58,439.49,189.62,62.99,64.78,76.84,110.11,54.02,104.18,195.55,147.01,79.04,142.04,51.03,93.53,196.6,142.42,229.07,248.76,84.0,25.47,15.67,61.58,547.29,119.2,91.35,74.99,59.42,77.72,154.78,235.06,232.03,332.85,103.63,95.11,142.46,14.6,38.96,296.15,117.27,165.3,143.02,65.11,101.26,161.83,32.42,112.29,41.58,105.22,127.78,315.81,117.98,123.92,43.82,38.6,321.78,149.43,85.82,51.6,294.88,84.72,125.7,108.75,232.08,87.8,119.78,71.78,122.08,44.56,53.78,93.12,74.35,33.26,242.23,71.4,76.95,77.85,57.72,42.2,512.04,161.69,203.2,55.57,50.37,128.28,291.12,136.45,45.77,455.07,64.71,255.63,179.26,86.11,43.41,163.5,131.63,34.27,665.59
2023-01-31,45.46,213.0,77.14,701.85,225.9,384.31,79.95,31.82,47.41,17.81,79.95,43.2,33.15,91.54,123.79,370.34,157.97,337.32,492.09,199.21,61.85,63.54,79.02,121.59,56.06,100.86,192.83,135.71,85.86,151.08,49.11,102.9,207.3,134.66,242.42,252.41,103.13,27.23,16.1,70.5,566.8,130.16,87.67,73.64,57.28,69.38,164.92,242.89,231.3,354.19,113.31,94.1,150.58,19.52,38.02,303.95,129.45,185.01,169.93,61.71,106.5,156.9,36.76,122.19,47.82,120.66,122.2,320.41,121.23,118.68,49.14,43.82,342.8,164.16,107.17,63.49,353.86,80.75,132.17,112.32,231.17,98.36,148.28,74.47,124.4,38.76,56.27,92.63,70.77,35.64,232.79,83.15,72.37,89.84,61.01,47.23,482.11,156.38,197.68,59.64,53.68,142.46,302.69,145.52,46.44,433.34,65.85,277.67,182.73,85.21,51.13,151.26,166.75,40.25,713.1
2023-02-28,45.23,201.55,74.01,654.45,216.25,367.61,74.89,31.07,46.48,16.54,81.46,39.67,32.05,94.62,126.03,323.95,160.29,306.04,466.94,196.82,61.6,59.66,74.21,117.62,49.0,99.76,196.95,141.36,84.83,155.51,47.14,96.74,183.75,130.1,230.18,250.55,94.23,24.33,15.01,70.2,538.41,114.91,83.17,67.41,55.59,66.47,163.91,245.09,217.0,354.42,107.69,92.95,143.74,23.2,36.72,278.04,122.66,193.95,169.02,58.08,101.68,146.25,34.72,113.99,44.91,115.18,118.72,337.29,103.6,114.15,40.48,44.0,329.53,159.61,98.39,66.83,322.13,76.47,135.37,95.68,216.44,89.63,174.13,69.65,121.77,35.61,57.16,86.1,69.6,33.27,215.55,82.55,73.44,89.07,58.31,47.52,459.65,164.81,182.52,56.45,50.36,145.76,270.08,138.57,45.88,446.44,62.51,272.75,176.99,80.53,49.89,142.85,162.42,42.95,647.56
2023-03-31,48.83,212.43,76.97,688.95,221.68,357.61,71.39,30.24,43.0,16.83,68.75,39.61,26.9,93.53,127.48,385.37,169.5,337.7,479.17,191.29,66.26,62.81,75.92,128.31,49.85,100.58,191.23,146.38,90.19,162.07,49.37,98.67,189.62,140.62,219.89,265.46,103.29,31.88,15.41,67.9,573.17,119.02,81.14,70.65,58.39,72.13,174.24,283.29,220.35,350.31,100.28,92.8,115.69,27.76,38.08,278.69,129.99,219.31,160.24,64.09,101.45,148.42,35.41,118.02,40.43,117.3,120.36,345.45,106.11,123.7,45.94,35.17,308.75,157.06,98.91,75.49,345.48,68.02,123.05,92.41,220.62,103.23,210.95,70.78,126.48,35.81,62.15,88.12,71.36,33.34,224.94,81.73,78.93,81.04,56.61,42.44,458.05,156.78,182.18,56.12,46.47,163.06,272.89,141.16,47.79,445.0,62.83,278.53,164.76,83.29,47.81,144.47,198.33,41.95,633.05
2023-04-28,44.47,206.78,76.26,691.85,228.82,368.7,67.97,30.83,43.63,15.67,67.88,36.84,27.54,91.33,133.85,377.56,177.49,389.27,485.3,199.82,72.91,65.11,76.37,116.1,50.95,109.17,185.94,140.07,92.33,164.33,49.3,108.3,191.07,148.82,211.39,280.78,105.45,30.31,15.34,75.03,551.82,109.46,82.0,70.06,60.38,71.71,161.51,301.92,232.87,358.34,101.49,94.67,119.98,27.73,38.58,283.81,106.78,218.63,157.31,67.75,109.48,153.35,38.94,121.95,44.81,117.75,116.07,359.06,111.35,133.53,44.42,37.4,324.16,168.56,101.25,78.15,329.93,67.66,131.56,95.84,207.38,106.82,239.2,72.81,134.62,34.13,60.69,90.32,76.25,33.84,223.07,82.36,82.37,83.76,59.12,40.13,476.95,157.71,190.49,55.92,46.71,167.78,279.69,140.25,48.93,437.2,61.01,271.79,174.12,84.6,47.44,152.58,196.93,41.11,635.02
2023-05-31,46.75,205.7,71.37,715.85,217.74,326.15,66.28,26.96,41.08,13.95,58.68,33.37,26.14,85.45,125.86,417.79,169.55,423.4,494.37,193.38,69.77,60.8,74.72,100.54,44.83,104.38,184.15,127.87,103.26,161.6,45.46,92.98,172.42,135.61,198.78,270.68,120.58,30.81,14.41,71.21,505.64,100.68,73.12,63.07,56.16,69.17,151.44,323.38,223.88,393.37,94.17,87.85,106.7,37.81,36.35,269.65,100.57,209.22,154.6,64.86,95.35,138.36,37.04,101.29,40.23,117.09,119.68,343.72,100.0,123.75,38.38,37.76,308.08,162.59,86.89,80.17,395.23,62.79,129.16,92.97,200.99,122.28,263.49,67.21,123.81,33.74,78.27,82.4,71.07,31.05,207.25,75.53,78.21,76.12,51.21,37.88,472.25,139.55,183.6,53.12,40.54,175.51,255.73,133.77,47.78,420.78,58.88,261.17,162.68,76.78,43.14,145.63,221.76,38.01,622.1
2023-06-30,48.69,211.16,72.18,752.71,233.95,367.37,75.64,25.3,42.68,14.15,66.23,38.87,27.2,88.97,142.16,488.99,173.41,462.37,520.29,217.0,69.69,58.38,82.5,111.74,46.81,109.82,195.72,124.88,116.08,183.32,45.08,94.34,182.77,144.4,237.71,284.79,130.36,32.77,15.4,77.2,519.2,102.71,78.43,64.61,57.11,69.87,162.55,335.35,260.97,456.27,105.17,93.4,116.02,42.28,37.35,295.51,110.22,239.28,169.85,65.32,100.08,144.54,39.11,106.55,44.5,116.11,124.54,371.69,106.66,128.35,40.37,40.48,306.79,178.43,88.19,86.74,440.49,63.8,138.42,97.58,210.32,119.12,285.65,68.18,133.29,32.55,84.49,82.82,73.61,32.41,208.54,81.08,71.28,79.5,55.79,41.95,467.74,159.58,198.84,53.66,46.74,192.07,286.26,135.37,51.14,436.3,58.43,271.91,167.88,77.78,47.11,155.45,209.72,41.94,658.7
2023-07-31,49.35,238.85,71.31,777.66,234.2,405.19,76.66,26.61,44.18,13.11,78.31,43.54,30.34,104.05,137.95,546.17,175.51,448.14,541.83,226.3,70.83,58.91,84.19,127.48,48.4,101.51,221.93,140.18,114.66,179.84,47.54,96.73,179.35,149.67,257.45,279.82,133.68,35.05,16.1,78.4,545.98,97.62,87.37,65.89,58.73,69.02,169.7,330.8,271.76,441.22,113.47,83.84,127.65,46.7,38.38,317.58,121.12,260.56,165.24,67.27,100.07,150.34,42.9,106.57,45.68,118.12,134.2,381.05,124.38,120.02,40.62,43.78,338.49,177.84,87.8,90.27,438.97,69.49,151.37,110.87,223.52,132.08,317.12,70.35,132.44,32.36,87.53,86.4,73.32,30.24,219.93,87.29,70.01,86.03,61.46,43.14,492.78,146.84,186.03,54.95,55.51,194.52,291.81,134.27,52.01,423.02,57.34,262.47,166.86,78.28,49.95,157.34,223.37,45.3,704.17
2023-08-31,54.38,224.03,71.63,753.65,242.48,438.12,70.56,22.88,38.72,13.35,73.91,38.92,27.41,107.47,136.53,559.34,167.76,547.53,531.84,222.64,68.08,53.65,90.33,137.54,44.47,103.72,212.21,137.72,117.76,180.49,44.59,93.28,170.88,147.79,272.95,269.77,138.01,34.55,15.65,79.67,554.38,90.6,84.84,58.14,56.74,63.34,155.03,323.45,267.67,441.9,103.36,82.6,112.58,49.33,37.11,316.2,123.04,251.94,154.59,63.63,104.63,149.38,44.32,98.19,41.12,117.6,138.25,377.51,120.71,119.77,37.31,39.47,314.31,173.29,82.66,90.45,433.68,60.63,140.23,112.6,232.23,135.51,294.51,66.3,125.05,31.75,89.89,82.87,70.64,31.04,242.71,88.34,63.37,80.01,59.77,42.67,463.79,144.97,181.08,50.74,56.1,186.28,282.4,132.79,53.09,427.74,56.84,257.47,155.86,73.17,48.87,152.93,219.85,39.8,667.66
2023-09-29,50.98,191.68,70.87,700.49,227.01,439.82,64.96,20.1,38.57,13.56,82.22,36.36,26.17,113.11,125.01,509.9,159.77,530.67,547.02,200.77,66.71,54.21,86.81,145.8,40.93,98.65,195.91,139.69,103.6,166.84,43.3,87.37,154.98,139.67,265.06,252.78,127.12,34.96,15.07,78.75,504.04,84.28,74.46,53.54,53.51,54.32,142.65,311.6,251.25,406.34,100.02,69.09,114.48,43.48,34.96,289.26,134.23,256.98,145.98,60.8,110.64,156.36,42.03,92.61,40.09,107.0,132.11,364.37,118.96,113.39,35.33,39.06,310.34,163.46,80.06,87.42,377.6,64.96,138.97,113.88,217.42,130.23,298.81,64.79,120.76,29.77,81.35,82.37,68.37,28.76,254.47,84.7,59.94,76.74,58.15,40.56,492.57,137.01,177.99,45.45,55.71,169.76,272.52,136.5,52.22,390.16,53.51,248.19,158.86,70.2,46.19,147.32,201.31,39.43,620.6
2023-10-31,49.79,186.82,74.27,703.75,232.04,402.8,62.48,19.05,37.03,14.17,76.51,33.08,25.18,107.38,118.24,532.06,153.96,547.27,534.9,185.17,63.65,56.15,86.02,145.71,36.94,98.41,199.74,133.63,101.51,165.21,44.75,88.3,169.64,144.58,220.62,251.56,133.09,35.89,14.98,80.37,442.9,85.15,72.34,49.53,53.99,55.28,129.27,333.66,234.66,404.81,101.74,78.14,108.14,40.76,36.02,272.54,120.29,232.91,143.47,63.23,99.6,135.13,39.4,99.54,40.4,96.07,136.19,373.97,119.21,112.26,35.83,38.01,291.2,157.75,80.59,85.9,411.69,64.76,134.24,112.93,190.7,123.48,299.87,66.69,116.82,27.42,82.41,82.96,72.7,31.85,242.11,80.71,61.68,67.34,60.65,40.82,523.22,122.28,176.57,43.35,53.18,169.32,271.6,140.21,53.35,433.74,47.99,224.82,162.87,70.5,43.3,140.31,199.37,36.04,587.76
2023-11-30,46.21,231.63,72.44,790.35,253.88,400.13,66.33,18.45,43.77,15.24,72.43,36.54,29.38,122.46,137.45,611.01,159.88,585.01,574.97,193.2,68.31,57.64,86.38,144.51,42.15,98.19,216.73,134.77,114.08,188.84,48.03,95.59,198.77,147.94,244.69,272.03,146.09,44.1,16.25,86.26,493.67,107.4,80.03,54.7,56.3,55.93,140.37,374.69,275.26,460.63,115.63,78.8,126.56,46.75,35.95,302.12,119.73,251.07,167.78,67.35,97.56,134.57,39.97,106.8,43.62,109.59,150.99,404.9,116.21,116.1,38.81,42.99,330.23,164.6,91.56,96.32,473.97,63.76,150.67,110.41,221.78,131.89,325.63,69.4,121.92,27.72,90.67,87.1,76.23,34.75,257.33,86.19,60.19,75.45,64.04,46.41,540.23,126.9,189.88,49.61,49.72,188.58,260.16,147.26,50.83,430.19,45.99,243.71,175.69,75.09,46.99,147.45,250.07,33.01,721.15
2023-12-29,48.25,260.66,77.31,781.02,257.51,388.68,74.1,24.16,48.84,15.44,76.62,41.68,32.44,126.49,144.77,596.6,161.35,576.97,654.7,216.25,70.04,59.15,91.97,143.71,43.7,105.22,237.63,146.68,103.5,195.92,47.93,92.42,207.14,141.22,288.56,286.19,151.94,49.58,16.31,87.3,528.91,106.93,88.31,57.45,56.77,58.06,145.58,371.85,307.94,494.66,133.97,81.37,146.29,49.5,33.51,333.99,124.16,246.53,184.05,66.54,94.94,139.79,41.84,105.5,47.85,127.93,155.74,403.15,115.63,115.12,39.97,47.45,372.99,179.75,89.48,100.99,486.88,74.09,164.2,110.89,229.99,139.02,352.31,71.77,126.89,26.19,109.83,91.59,77.14,34.17,274.87,86.17,61.59,88.67,65.32,50.0,516.11,132.37,203.24,53.02,49.97,191.15,264.97,156.94,51.66,435.45,47.78,290.41,186.31,76.66,49.79,149.44,261.23,35.13,784.54
2024-01-31,48.3,211.04,74.69,804.66,270.28,370.71,68.62,20.89,53.33,16.54,72.77,39.01,32.77,137.11,136.53,617.78,160.1,639.02,689.21,207.87,72.78,57.2,93.04,160.41,42.51,116.57,236.0,157.09,110.08,195.8,47.25,89.55,187.73,152.39,294.43,282.53,155.2,42.5,15.9,83.75,537.07,100.49,76.22,50.47,57.31,56.04,131.38,393.15,300.52,504.09,130.19,88.12,144.34,61.5,32.5,340.16,133.69,235.14,197.85,65.97,97.62,138.16,44.7,98.66,44.54,121.59,174.89,397.38,109.67,114.61,33.33,48.38,371.29,171.86,95.18,104.78,564.11,70.42,169.35,106.87,238.51,139.42,388.33,68.72,125.75,25.01,116.11,90.45,81.97,39.04,299.91,85.3,61.93,83.76,64.39,53.68,501.67,134.02,196.02,50.46,46.76,183.07,247.46,157.82,54.15,412.55,46.04,269.65,206.73,73.75,48.67,151.49,279.05,33.22,748.31
2024-02-29,46.56,203.72,68.81,866.13,280.08,293.93,76.56,19.9,53.19,15.83,78.3,37.16,33.49,136.38,137.69,560.28,158.28,747.27,738.89,235.05,70.65,50.34,97.52,164.75,45.09,122.72,246.7,168.22,110.06,222.09,48.67,91.89,190.81,154.14,327.42,283.72,176.76,42.6,16.35,89.8,568.16,102.06,75.63,54.64,57.82,53.25,138.78,409.78,328.54,572.79,139.14,87.29,140.51,79.08,33.46,366.81,136.15,242.63,216.26,64.48,100.18,143.96,41.16,100.99,40.6,127.9,177.78,440.56,110.31,114.8,30.18,53.98,378.79,169.96,110.57,124.14,602.92,70.42,180.71,108.27,251.66,137.79,488.37,67.8,135.1,24.53,127.96,87.64,84.23,36.9,263.36,90.88,61.24,82.61,70.87,54.29,483.88,143.61,193.65,48.58,46.67,179.68,226.49,160.48,57.62,414.46,47.81,270.29,216.12,81.34,51.38,155.03,306.58,30.61,784.09
2024-03-29,48.04,192.99,70.63,804.26,276.55,290.63,78.58,20.3,60.62,16.46,80.71,46.21,36.79,156.32,140.9,504.6,167.53,771.35,727.71,248.79,68.1,51.89,99.77,196.17,46.37,128.17,239.15,174.0,123.78,228.65,50.64,88.49,189.59,157.35,359.25,273.69,180.38,43.7,17.24,91.05,579.54,99.69,87.09,56.31,59.41,61.66,139.13,416.79,343.68,609.47,148.89,94.94,154.26,90.33,35.45,371.9,164.28,283.79,224.41,68.79,111.41,149.39,41.64,91.65,42.24,125.9,183.48,457.11,123.21,123.74,34.87,56.28,406.68,179.8,121.26,138.89,607.33,75.52,194.54,122.45,248.53,150.2,483.84,69.59,135.32,25.63,130.95,92.3,87.66,38.68,273.45,93.86,66.76,90.41,75.63,55.77,486.88,149.06,200.0,50.68,52.93,170.46,236.17,160.4,59.36,440.23,51.09,279.04,226.12,82.21,53.27,151.96,299.38,34.16,810.65
2024-04-30,45.59,167.84,62.87,692.96,266.18,255.94,70.54,16.59,58.78,16.05,76.6,49.23,35.91,137.05,125.44,462.83,168.39,774.46,719.2,223.72,69.98,51.87,92.56,176.91,48.06,125.51,230.62,156.89,112.46,223.94,51.11,85.68,166.11,159.28,329.22,265.04,175.0,30.15,17.45,92.84,567.08,88.34,93.89,57.11,59.98,64.61,138.05,385.69,296.46,582.8,133.71,98.83,147.8,86.37,35.46,324.02,153.87,256.41,231.4,70.48,113.36,152.73,36.88,89.98,42.95,98.67,159.69,434.11,128.22,130.6,39.54,57.6,415.46,183.69,110.1,160.73,550.64,64.72,187.32,120.85,245.44,162.0,428.63,69.4,137.86,23.66,128.47,93.77,90.0,37.0,263.47,91.74,67.8,88.02,75.58,55.08,476.05,151.26,187.8,50.4,45.85,169.32,230.39,161.33,58.55,449.96,41.88,249.59,208.45,82.14,52.32,138.9,267.34,32.22,733.78
2024-05-31,45.13,177.61,61.97,747.5,270.49,287.12,81.25,15.39,60.24,17.32,77.85,51.98,38.8,137.06,128.4,444.76,165.51,814.71,805.74,217.14,66.67,53.53,101.8,172.76,51.46,121.94,227.67,155.54,115.86,229.93,54.47,78.26,189.52,160.59,333.11,251.31,176.44,30.65,18.6,101.64,566.35,96.55,98.11,56.46,61.11,77.2,131.49,411.98,301.29,567.92,143.96,105.59,151.78,109.6,35.79,326.87,152.32,248.75,237.3,77.54,113.29,155.26,38.74,92.7,48.76,106.83,161.92,428.76,120.86,127.51,40.8,58.52,447.2,186.7,102.97,164.03,641.62,56.97,197.96,112.96,255.58,171.67,465.16,74.63,134.78,26.87,131.26,99.83,91.02,38.56,296.26,91.23,66.15,94.81,77.37,58.12,487.53,138.68,198.05,49.94,44.32,191.37,259.99,172.58,65.09,455.2,39.16,263.43,211.93,87.01,53.64,142.05,233.04,35.07,750.69
2024-06-28,46.11,182.01,66.94,741.25,260.58,298.96,81.57,11.48,61.35,18.16,72.38,47.91,38.82,136.16,123.01,555.54,159.13,899.16,845.63,216.33,64.07,52.09,108.72,169.69,46.76,120.98,221.25,165.46,139.6,236.23,51.81,75.95,189.75,160.96,327.77,248.97,193.25,30.77,18.97,102.21,551.78,93.48,100.12,54.06,62.29,68.77,129.52,443.56,295.97,538.57,146.33,98.32,149.94,123.51,32.98,336.02,151.95,295.27,228.95,75.05,111.23,149.63,37.89,73.79,49.73,109.52,167.84,433.39,122.14,133.4,40.99,58.0,443.08,202.12,98.39,157.9,674.88,56.46,197.6,110.92,248.93,181.48,502.91,74.29,129.91,26.23,159.15,96.61,95.01,38.64,302.65,89.01,60.87,94.18,77.9,58.39,503.36,134.0,209.17,49.96,45.85,209.66,251.55,173.78,67.02,455.11,39.58,279.73,200.77,84.59,49.37,141.56,255.57,31.8,770.63
